line, 99, #000000, medium, 270, 395, 259, 508
line, 99, #000000, medium, 261, 511, 354, 510
line, 99, #000000, medium, 355, 508, 343, 397
line, 99, #000000, medium, 166, 391, 447, 402
line, 99, #000000, medium, 166, 389, 237, 339
line, 99, #000000, medium, 237, 339, 161, 339
line, 99, #000000, medium, 161, 339, 240, 295
line, 99, #000000, medium, 240, 295, 181, 293
line, 99, #000000, medium, 181, 293, 253, 256
line, 99, #000000, medium, 253, 256, 205, 252
line, 99, #000000, medium, 205, 252, 273, 208
line, 99, #000000, medium, 273, 208, 219, 203
line, 99, #000000, medium, 219, 203, 291, 167
line, 99, #000000, medium, 291, 167, 252, 167
line, 99, #000000, medium, 252, 167, 341, 119
line, 99, #000000, medium, 344, 122, 392, 171
line, 99, #000000, medium, 392, 171, 352, 174
line, 99, #000000, medium, 352, 174, 407, 215
line, 99, #000000, medium, 407, 215, 353, 211
line, 99, #000000, medium, 353, 211, 420, 260
line, 99, #000000, medium, 353, 253, 418, 262
line, 99, #000000, medium, 354, 254, 428, 300
line, 99, #000000, medium, 428, 300, 361, 301
line, 99, #000000, medium, 361, 301, 441, 340
line, 99, #000000, medium, 441, 340, 367, 341
line, 99, #000000, medium, 367, 341, 453, 407
flood, 99, #ffffff, #00cc00, 301, 211
flood, 99, #00cc00, #009900, 307, 245
flood, 99, #ffffff, #996600, 316, 455
curve, 99, #000000, medium, 341, 121, 341, 90, 317, 117, 318, 101
curve, 99, #000000, medium, 345, 91, 345, 122, 358, 100, 362, 112
flood, 99, #ffffff, #ff0000, 345, 108
curve, 99, #333333, medium, 342, 329, 271, 328, 296, 342, 271, 328
curve, 99, #333333, medium, 270, 331, 345, 335, 289, 374, 324, 372
line, 99, #333333, medium, 345, 335, 345, 335
line, 99, #333333, medium, 341, 334, 345, 336
flood, 99, #009900, #cc0033, 297, 349
line, 99, #000000, small, 257, 292, 287, 293
line, 99, #000000, small, 289, 264, 289, 264
line, 99, #000000, small, 287, 293, 288, 263
line, 99, #000000, small, 257, 294, 259, 263
line, 99, #000000, small, 257, 263, 290, 267
line, 99, #000000, small, 317, 292, 355, 291
line, 99, #000000, small, 355, 292, 354, 263
line, 99, #000000, small, 355, 263, 317, 268
line, 99, #000000, small, 317, 268, 319, 294
flood, 99, #009900, #ffff00, 338, 274
flood, 99, #009900, #ffff00, 267, 276
line, 99, #000000, medium, 255, 292, 286, 294
line, 99, #000000, medium, 287, 294, 288, 267
line, 99, #000000, medium, 258, 260, 289, 266
line, 99, #000000, medium, 257, 262, 255, 293
line, 99, #000000, medium, 316, 266, 355, 262
line, 99, #000000, medium, 355, 262, 356, 295
line, 99, #000000, medium, 315, 268, 317, 296
line, 99, #000000, medium, 319, 293, 356, 291
line, 99, #ff6666, medium, 237, 313, 265, 307
line, 99, #ff6666, medium, 341, 305, 366, 318
curve, 99, #000000, small, 314, 399, 331, 511, 314, 456, 320, 503
flood, 99, #996600, #663300, 337, 416
curve, 99, #000000, medium, 507, 414, 562, 511, 483, 458, 496, 495
curve, 99, #000000, medium, 563, 509, 647, 406, 666, 507, 681, 424
curve, 99, #000000, medium, 649, 406, 508, 416, 596, 397, 552, 398
curve, 99, #000000, medium, 510, 415, 512, 389, 492, 409, 512, 389
curve, 99, #000000, medium, 514, 390, 657, 392, 574, 374, 644, 383
curve, 99, #000000, medium, 650, 405, 639, 387, 657, 402, 654, 393
curve, 99, #000000, medium, 510, 391, 654, 336, 497, 374, 576, 322
curve, 99, #000000, medium, 655, 393, 654, 343, 670, 381, 640, 349
curve, 99, #000000, medium, 654, 339, 681, 321, 665, 358, 696, 342
curve, 99, #000000, medium, 680, 318, 655, 338, 666, 317, 650, 327
flood, 99, #ffffff, #ff00cc, 619, 445
flood, 99, #ff00cc, #ff9999, 582, 455
curve, 99, #000000, medium, 522, 451, 559, 449, 537, 436, 556, 438
curve, 99, #000000, medium, 589, 449, 624, 449, 599, 435, 615, 439
curve, 99, #000000, medium, 558, 467, 587, 470, 565, 492, 581, 490
flood, 99, #ffffff, #ff0033, 633, 369
line, 99, #ffcc33, big, 526, 470, 536, 466
line, 99, #ffcc33, big, 628, 469, 619, 467
curve, 99, #000000, small, 546, 408, 657, 467, 646, 419, 657, 426
flood, 99, #ff9999, #ff6666, 642, 421
flood, 99, #ff6666, #ff6666, 594, 413
flood, 99, #000000, #ff6666, 593, 413
flood, 99, #000000, #ff6666, 614, 417
flood, 99, #000000, #ff6666, 625, 420
flood, 99, #000000, #ff6666, 629, 421
flood, 99, #000000, #ff6666, 643, 428
flood, 99, #000000, #ff6666, 649, 433
flood, 99, #ffffff, #eacbca, 243, 40
line, 99, #ffffff, medium, 25, 97, 49, 65
line, 99, #ffffff, medium, 57, 110, 50, 70
line, 99, #ffffff, medium, 57, 111, 27, 77
line, 99, #ffffff, medium, 32, 77, 66, 88
line, 99, #ffffff, medium, 66, 88, 27, 100
line, 99, #ffffff, medium, 610, 123, 610, 123
line, 99, #ffffff, medium, 614, 122, 679, 56
line, 99, #ffffff, medium, 679, 56, 685, 134
line, 99, #ffffff, medium, 685, 134, 640, 72
line, 99, #ffffff, medium, 640, 72, 708, 88
line, 99, #ffffff, medium, 708, 88, 618, 121
line, 99, #ffffff, medium, 36, 314, 24, 220
line, 99, #ffffff, medium, 24, 220, 85, 261
line, 99, #ffffff, medium, 85, 261, 7, 258
line, 99, #ffffff, medium, 7, 258, 65, 216
line, 99, #ffffff, medium, 65, 216, 38, 313
line, 99, #ffffff, medium, 433, 71, 438, 16
line, 99, #ffffff, medium, 438, 16, 475, 40
line, 99, #ffffff, medium, 475, 40, 420, 40
line, 99, #ffffff, medium, 421, 39, 465, 16
line, 99, #ffffff, medium, 465, 16, 436, 69
curve, 99, #000000, medium, 544, 355, 531, 263, 551, 308, 545, 285
curve, 99, #000000, medium, 534, 264, 633, 252, 571, 271, 609, 267
curve, 99, #000000, medium, 633, 252, 646, 338, 633, 281, 646, 338
curve, 99, #000000, medium, 561, 304, 578, 288, 577, 297, 578, 294
curve, 99, #000000, medium, 596, 286, 619, 299, 603, 294, 609, 299
flood, 99, #eacbca, #ff9900, 599, 308
curve, 99, #33ccff, medium, 569, 304, 567, 343, 568, 326, 563, 347
curve, 99, #33ccff, medium, 605, 299, 601, 337, 603, 321, 603, 334
line, 99, #ec4843, medium, 97, 91, 99, 26
line, 99, #ec4843, medium, 99, 26, 118, 68
line, 99, #ec4843, medium, 118, 68, 120, 25
line, 99, #ec4843, medium, 120, 25, 141, 76
line, 99, #ec4843, medium, 161, 59, 178, 49
line, 99, #ec4843, medium, 178, 49, 154, 45
line, 99, #ec4843, medium, 154, 45, 158, 75
line, 99, #ec4843, medium, 158, 75, 179, 76
line, 99, #ec4843, medium, 179, 76, 187, 69
line, 99, #ec4843, medium, 203, 69, 204, 73
line, 99, #ec4843, medium, 204, 73, 196, 42
line, 99, #ec4843, medium, 202, 56, 212, 49
line, 99, #ec4843, medium, 226, 42, 234, 71
line, 99, #ec4843, medium, 233, 56, 239, 46
line, 99, #ec4843, medium, 251, 40, 267, 58
line, 99, #ec4843, medium, 273, 39, 255, 120
line, 99, #ec4843, medium, 312, 10, 353, 20
line, 99, #ec4843, medium, 332, 19, 329, 76
curve, 99, #ec4843, medium, 370, 42, 376, 83, 351, 50, 358, 72
curve, 99, #ec4843, medium, 377, 84, 391, 44, 401, 76, 408, 56
line, 99, #ec4843, medium, 371, 42, 391, 47
line, 99, #ec4843, medium, 432, 40, 445, 31
line, 99, #ec4843, medium, 451, 32, 467, 44
line, 99, #ec4843, medium, 467, 44, 437, 79
line, 99, #ec4843, medium, 437, 79, 466, 88
line, 99, #ec4843, medium, 493, 91, 481, 72
line, 99, #ec4843, medium, 483, 65, 504, 47
line, 99, #ec4843, medium, 504, 47, 517, 69
line, 99, #ec4843, medium, 517, 69, 500, 94
line, 99, #ec4843, medium, 534, 63, 546, 52
line, 99, #ec4843, medium, 546, 52, 564, 73
line, 99, #ec4843, medium, 564, 73, 533, 98
line, 99, #ec4843, medium, 533, 98, 561, 118
line, 99, #ec4843, medium, 581, 83, 581, 83
line, 99, #ec4843, medium, 581, 83, 599, 74
line, 99, #ec4843, medium, 582, 84, 614, 110
line, 99, #ec4843, medium, 601, 77, 595, 121
flood, 99, #ffff00, #ff9933, 268, 273
flood, 99, #ffff00, #ff9933, 331, 278
curve, 99, #3a8dd3, medium, 0, 428, 268, 432, 62, 384, 165, 439
curve, 99, #3a8dd3, medium, 350, 423, 501, 425, 435, 389, 509, 417
curve, 99, #3a8dd3, medium, 666, 423, 719, 409, 695, 427, 719, 409
line, 99, #3a8dd3, big, 3, 426, 2, 509
line, 99, #3a8dd3, big, 9, 509, 715, 510
line, 99, #3a8dd3, big, 715, 510, 718, 417
line, 99, #3a8dd3, big, 716, 418, 718, 424
line, 99, #3a8dd3, big, 716, 419, 714, 417
line, 99, #3a8dd3, big, 2, 506, 0, 429
flood, 99, #eacbca, #3a8dd3, 154, 441
flood, 99, #eacbca, #3a8dd3, 370, 445
flood, 99, #eacbca, #3a8dd3, 682, 478
curve, 99, #000000, medium, 73, 384, 24, 440, 21, 372, 6, 404
curve, 99, #000000, medium, 24, 441, 146, 470, 78, 471, 115, 471
curve, 99, #000000, medium, 146, 470, 96, 357, 148, 393, 123, 343
curve, 99, #000000, medium, 96, 357, 78, 382, 92, 363, 76, 375
flood, 99, #eacbca, #ff6699, 103, 396
flood, 99, #3a8dd3, #ff6666, 93, 417
flood, 99, #ff0000, #ff6666, 339, 112
line, 99, #ff9933, small, 140, 188, 273, 179
line, 99, #ff9933, small, 393, 172, 464, 170
line, 99, #ff9933, small, 464, 170, 404, 212
line, 99, #ff9933, small, 390, 221, 381, 231
line, 99, #ff9933, small, 392, 219, 391, 221
line, 99, #ff9933, small, 137, 188, 217, 243
line, 99, #ff9933, small, 219, 179, 311, 73
line, 99, #ff9933, small, 311, 73, 331, 95
line, 99, #ff9933, small, 357, 121, 403, 170
line, 99, #ff9933, small, 224, 258, 110, 346
line, 99, #ff9933, small, 110, 346, 182, 334
line, 99, #ff9933, small, 391, 303, 412, 325
line, 99, #ff9933, small, 421, 343, 435, 366
line, 99, #ff9933, small, 435, 366, 383, 350
flood, 99, #eacbca, #ff9933, 390, 189
flood, 99, #eacbca, #ff9933, 380, 224
flood, 99, #eacbca, #ff9933, 202, 313
flood, 99, #eacbca, #ff9933, 224, 263
line, 99, #ff9933, small, 220, 176, 218, 189
line, 99, #ff9933, small, 213, 243, 222, 244
flood, 99, #eacbca, #ff9933, 218, 221
flood, 99, #eacbca, #ff9933, 283, 127
flood, 99, #eacbca, #ff9933, 392, 313
flood, 99, #eacbca, #ff9933, 418, 352
line, 99, #ff9933, small, 421, 304, 488, 364
line, 99, #ff9933, small, 488, 364, 404, 367
flood, 99, #eacbca, #ff9933, 467, 350
flood, 99, #eacbca, #ff9933, 412, 364
line, 99, #ff9933, small, 402, 170, 406, 174
flood, 99, #eacbca, #ff9933, 369, 136
line, 99, #ff9933, small, 240, 398, 228, 432
line, 99, #ff9933, small, 362, 404, 367, 418
flood, 99, #eacbca, #ff9933, 253, 412
flood, 99, #eacbca, #ff9933, 360, 410
line, 99, #ff9933, small, 112, 346, 221, 356
flood, 99, #eacbca, #ff9933, 204, 348
line, 99, #ff9933, small, 401, 246, 401, 246
line, 99, #ff9933, small, 462, 171, 397, 242
line, 99, #ff9933, small, 423, 206, 423, 206
flood, 99, #ff9933, #ff9933, 421, 216
flood, 99, #eacbca, #ff9933, 415, 210
line, 99, #ff9933, small, 387, 262, 381, 269
flood, 99, #33ccff, #660066, 569, 316
flood, 99, #33ccff, #660066, 607, 302
flood, 99, #ff9933, #cc00cc, 275, 273
flood, 99, #ff9933, #cc00cc, 328, 277
